recording_id,title,stored_artist,source_artist_credit,musicbrainz_url,classification
"4f0b8de9-f23e-46de-b477-9e6be1e1c342","El motor","Tony Seval","Aramis Camilo","https://musicbrainz.org/recording/d2708c1b-caf8-42a8-b484-8b62727c0479","candidate: review aliases, ensembles and exact recording before changing"
"72953b36-4dea-403f-8d4d-27005c7c9f3d","Amores","Juan Luis Guerra","Juan Luis Guerra 440 / El Prodigio","https://musicbrainz.org/recording/e3aac1ca-327a-47c8-adb8-de3ad29688f3","candidate: review aliases, ensembles and exact recording before changing"
"e7dd095b-18e5-4d67-90a1-ff01eb2b0443","De Moca a París","Juan Luis Guerra","Juan Luis Guerra 4.40 / Johnny Ventura","https://musicbrainz.org/recording/1d8442ad-0d87-41be-8f8b-0abadae098d5","candidate: review aliases, ensembles and exact recording before changing"
"ec969bf9-304b-41a8-a07a-ff97c07eaaa6","Como tu no hay nadie","Zawezo","Shadow Blow / Zawezo Del'Patio","https://musicbrainz.org/recording/3ddbcb2d-4e00-4dc8-9427-13217b35d0d4","candidate: review aliases, ensembles and exact recording before changing"
"5a06765c-3c7f-4a5a-bd78-00030e922a3a","Me gusta","Los Toros Band","Eddy Herrera","https://musicbrainz.org/recording/873e037d-e2bf-4eaf-b0b9-b046cd830c4c","candidate: review aliases, ensembles and exact recording before changing"
"4a8bc240-3797-43ff-a880-44933712c1a4","Los recuerdos no abrazan","Monchy & Alexandra","Monchy","https://musicbrainz.org/recording/894975b2-0a68-4020-9c1d-408a1ca6d0fd","candidate: review aliases, ensembles and exact recording before changing"
"5b3c5a81-0456-43af-839c-122660ad5748","Danza kuduro (merengue electrónico remix)","Maffio","Don Omar / Lucenzo / Pitbull / El Cata","https://musicbrainz.org/recording/63a173cd-62d2-4470-97fe-85ead79a389d","candidate: review aliases, ensembles and exact recording before changing"
"eb4119d8-66e5-4641-9276-c6ae547ccd5f","Tú eres un veneno","Alina Vargas","Wilfrido Vargas / Alinna Vargas","https://musicbrainz.org/recording/e22269e8-2dfb-497a-99de-1734ae4489f9","candidate: review aliases, ensembles and exact recording before changing"
"334ae297-d150-4a81-9427-a416ecb0aa1d","Frío, frío (En Vivo - A Son de Guerra Tour)","Juan Luis Guerra","Juan Luis Guerra 4.40 / Romeo Santos","https://musicbrainz.org/recording/f77053d2-dba2-48d7-97cf-bdc55b6feb0c","candidate: review aliases, ensembles and exact recording before changing"
"0e8e4164-5eff-43d3-8d9d-df8e1fa904fa","Porque?","Teodoro Reyes","Luis Vargas","https://musicbrainz.org/recording/942347ed-9f03-41ce-8b5d-ca1bf9365947","candidate: review aliases, ensembles and exact recording before changing"
"29c67cf9-13f3-4e12-a29f-c8d967d60b34","Libre","Alina Vargas","Wilfrido Vargas / Alinna Vargas","https://musicbrainz.org/recording/ea053c10-6eb9-4c7a-a60a-b83ccab46513","candidate: review aliases, ensembles and exact recording before changing"
"768d32b6-7854-46ce-a5e6-400c4aa77faa","Mi condena","Alina Vargas","Wilfrido Vargas / Alinna Vargas","https://musicbrainz.org/recording/2b96edb7-6bff-49c1-bada-cab8eb71f553","candidate: review aliases, ensembles and exact recording before changing"
"4f68320d-7631-4781-a3cb-83f2a7f18c94","La Mujer Que Yo Más Quiero","Teodoro Reyes","Luis Vargas","https://musicbrainz.org/recording/66dfcecc-63c5-4c7a-9528-e1ffc3410343","candidate: review aliases, ensembles and exact recording before changing"
"a6024034-b10e-4e8e-a363-f0552e725d7a","Melina","Joan Soriano","Fernando Soriano","https://musicbrainz.org/recording/96c11af9-dbf6-4a58-9ebd-d2bed8478ff4","candidate: review aliases, ensembles and exact recording before changing"
"e412ad0b-c0c0-4492-80c8-8aefae67c1a8","Violento atardecer","Miriam Cruz","Miriam y las Chicas","https://musicbrainz.org/recording/251f66ca-77d6-480d-abf4-3638f6358178","candidate: review aliases, ensembles and exact recording before changing"
"88f4702e-6911-412a-b3d8-988f991a8fdf","Te propongo","Miriam Cruz","Miriam y las Chicas","https://musicbrainz.org/recording/f78341e7-2f59-45a8-9c1f-afa119540de2","candidate: review aliases, ensembles and exact recording before changing"
"15f4f1e5-c6ed-4caa-8c4a-f8663b9dc1f0","Es ella","Los Toros Band","Eddy Herrera","https://musicbrainz.org/recording/980b08b9-06ff-47b9-9f81-55b6da8da942","candidate: review aliases, ensembles and exact recording before changing"
"a14f911a-c8f2-44c9-b906-81eaa0db6fa8","El ñoño","Miriam Cruz","Miriam y las Chicas","https://musicbrainz.org/recording/6026bd65-d56f-418b-a4c8-e87fca1f7032","candidate: review aliases, ensembles and exact recording before changing"
"72b9096d-022e-4444-b924-a220fdff1c6d","Perdóname","Zacarías Ferreira","Alex Bueno","https://musicbrainz.org/recording/90998099-dd27-453a-ba1e-bdfc220dc249","candidate: review aliases, ensembles and exact recording before changing"
"b9adf1f8-55fb-4505-87ee-05e96bf7f44a","El Lloron","Junior & Jorge","Luis Vargas","https://musicbrainz.org/recording/d7789dca-e6b6-4f83-83b6-e1754c70d798","candidate: review aliases, ensembles and exact recording before changing"
"5bfed06a-af27-4d5b-ad36-1533d2767a68","Quiti-pun","Alina Vargas","Wilfrido Vargas / Alinna Vargas","https://musicbrainz.org/recording/9e907739-a60b-49b7-b19d-007a0486873f","candidate: review aliases, ensembles and exact recording before changing"
"13dd8d0c-1239-4876-84f8-02751fd6ecff","El amor acaba","Sergio Vargas","Alex Bueno","https://musicbrainz.org/recording/509431a4-f4b9-4e88-857b-d225ad86e7cb","candidate: review aliases, ensembles and exact recording before changing"
"48a48671-75b0-45d9-ac32-406e2c297b31","Señora","Junior & Jorge","Luis Vargas","https://musicbrainz.org/recording/2530657f-f13c-454f-9374-32d479e7a54c","candidate: review aliases, ensembles and exact recording before changing"
"938db551-d5c0-4e0f-a080-4c014325f382","El llorón","Frank Reyes","Luis Vargas","https://musicbrainz.org/recording/7b6044e8-8d8e-45d0-aeb9-656200e4f515","candidate: review aliases, ensembles and exact recording before changing"
"ede150d2-d9dd-4320-a483-ddc0669b56ce","Así bonito","Juan Luis Guerra","Frank Ceara / Juan Luis Guerra 4.40","https://musicbrainz.org/recording/934668b5-4be4-4a8e-94d5-50526759d0f4","candidate: review aliases, ensembles and exact recording before changing"
"d303d84c-1a6a-4f3f-a0f3-8e74c6dc7c39","Que Te Aproveche","Junior & Jorge","Luis Vargas","https://musicbrainz.org/recording/4f819a21-4b0a-412a-aae4-1cee66d6ed8d","candidate: review aliases, ensembles and exact recording before changing"
"8e100ff6-9074-4390-aa6c-667cc486d2ff","Pídeme","Joe Veras","Alex Bueno","https://musicbrainz.org/recording/dd9eb413-b581-4cc3-83c6-aedc956f9556","candidate: review aliases, ensembles and exact recording before changing"
"1b3878dc-ab7e-4534-a014-4725619a8530","Vieja del bonche","Frank Reyes","Luis Vargas","https://musicbrainz.org/recording/385cd42d-4e9d-4f73-9700-b952d0064f6a","candidate: review aliases, ensembles and exact recording before changing"
"f1a3b1fb-1345-4c9d-86d0-c7b2315f3834","Quien Eres Tú","Zacarías Ferreira","Frank Reyes","https://musicbrainz.org/recording/18eed3a6-0ef0-4d5b-95af-5f75ad3c0e82","candidate: review aliases, ensembles and exact recording before changing"
"21a44ad0-0678-4144-9013-73cc49200080","Amor en silencio","Raulín Rodríguez","Frank Reyes","https://musicbrainz.org/recording/677a03bd-090f-4400-8b39-ee45be77eb22","candidate: review aliases, ensembles and exact recording before changing"
"9c2631f2-d6b8-4a02-9fc4-98ed743487b7","La quiero a morir","Alex Bueno","Sergio Vargas","https://musicbrainz.org/recording/83de2e9a-d8e4-44aa-8f96-093e7f1ea2c7","candidate: review aliases, ensembles and exact recording before changing"
"bc141597-7e01-4ae2-86fc-ec78a31b00af","Pero lo dudo","Sergio Vargas","Alex Bueno","https://musicbrainz.org/recording/d5ac80e9-42d4-478a-a464-1d0214766037","candidate: review aliases, ensembles and exact recording before changing"
"469d2397-b475-4237-9e12-7b6942bf23cd","Cupido","Raulín Rodríguez","Frank Reyes","https://musicbrainz.org/recording/5371f905-73c5-40e5-8adc-d53b59954636","candidate: review aliases, ensembles and exact recording before changing"
"5ffd911b-b135-4f0f-9130-034dbe307c4e","El mudo","Raulín Rodríguez","Frank Reyes","https://musicbrainz.org/recording/2503b2aa-9067-4159-88ba-1bbfee51cf42","candidate: review aliases, ensembles and exact recording before changing"
"67533641-359b-4f81-a6e7-4cf22885a28c","Ya basta","Raulín Rodríguez","Frank Reyes","https://musicbrainz.org/recording/1dedc19a-3354-4771-a023-a3a3731bf184","candidate: review aliases, ensembles and exact recording before changing"
"d84f630a-5bfb-4395-9a70-8148499cd78d","Encarcelado","Raulín Rodríguez","Frank Reyes","https://musicbrainz.org/recording/a29f0f2d-9dea-48c3-aea3-7672c26795fc","candidate: review aliases, ensembles and exact recording before changing"
"6a1a0d5d-b868-4472-bdba-ab33e487edba","Me duele","Zacarías Ferreira","Alex Bueno","https://musicbrainz.org/recording/f2a24f2c-0d15-4aa3-84c3-7e9e00bf744b","candidate: review aliases, ensembles and exact recording before changing"
"1b81253e-b3d4-40a4-b22b-7324469666a3","Este castigo","Monchy & Alexandra","Alexandra","https://musicbrainz.org/recording/ff6c2bca-14c4-4c4f-a853-a197fdf930e4","candidate: review aliases, ensembles and exact recording before changing"
"a846be9f-6c44-4600-9e17-559c71d90a78","A escondidas","Alex Bueno","Sexappeal","https://musicbrainz.org/recording/c82c97f8-c26c-483d-bb6b-bc3e659bf453","candidate: review aliases, ensembles and exact recording before changing"
"c84160ac-2b06-4679-8210-42a27b34758a","Rechenchen","Kinito Méndez","Rokabanda","https://musicbrainz.org/recording/0fd47888-cbd1-4b81-b79f-da6f5701e9fa","candidate: review aliases, ensembles and exact recording before changing"
"700d081d-5337-4eb9-ade0-2dbde58f57c7","El baile del pirulino","Alina Vargas","Wilfrido Vargas / Alinna Vargas","https://musicbrainz.org/recording/ae7778aa-189f-4d18-9ce9-056cffc42e73","candidate: review aliases, ensembles and exact recording before changing"
"635de7a1-99bd-46dd-964d-753470a0f371","Que Vuelva","Zacarías Ferreira","Raulin Rodriguez","https://musicbrainz.org/recording/a05336c3-b63a-45f4-a69e-6d609dd8f6d6","candidate: review aliases, ensembles and exact recording before changing"
"6ad53d11-b966-444a-8035-b529d853c711","Qué hago","Frank Reyes","Luis Vargas","https://musicbrainz.org/recording/74f53ab5-1399-4581-9250-4ff86c339461","candidate: review aliases, ensembles and exact recording before changing"
"7467273e-884f-40f2-85f1-6f6803875796","Me Equivoque","Junior & Jorge","Luis Vargas","https://musicbrainz.org/recording/29563138-ec08-4c74-84d6-bd706c940eaf","candidate: review aliases, ensembles and exact recording before changing"
"e1934f31-43d4-4b2c-9baa-22e010df0191","Una mordidita","Miriam Cruz","Miriam y las Chicas","https://musicbrainz.org/recording/51ee6d65-e53b-426a-9175-97986f838c00","candidate: review aliases, ensembles and exact recording before changing"
"e6ba73c3-6ef4-409d-a608-66b518dc2a4a","Rubia de Mis Amores","Teodoro Reyes","Luis Vargas","https://musicbrainz.org/recording/54d6e866-2668-482f-bed5-8cdaf5ceaf4f","candidate: review aliases, ensembles and exact recording before changing"
"d2fa17d1-1fc3-4c3f-bc02-c2c590866f55","Tú volverás","Miriam Cruz","Miriam y las Chicas","https://musicbrainz.org/recording/1d514173-4d1c-4506-ad6a-4148d5a68d31","candidate: review aliases, ensembles and exact recording before changing"
"bc4c71fc-1c6e-46eb-8952-fa318c55a270","Llanto a la luna","Joan Soriano","André Velóz","https://musicbrainz.org/recording/d0b9636b-a85f-49b0-b294-8ba01577692a","candidate: review aliases, ensembles and exact recording before changing"
"76b0820f-c728-4b39-81d7-36d6a4801a5a","Dos rosas","Miriam Cruz","Miriam y las Chicas","https://musicbrainz.org/recording/02d360b6-3f2a-41f5-9b44-797647dfb129","candidate: review aliases, ensembles and exact recording before changing"
"353c7b88-00d2-4dec-a926-1a36eadc3fc6","Perdóname","Joe Veras","Alex Bueno","https://musicbrainz.org/recording/e6d96f19-6410-4270-bf76-6cb73e2f7149","candidate: review aliases, ensembles and exact recording before changing"
"3627cdf3-3b14-4878-b9d0-a7f9ab8d17dd","Pica, pica","Ilegales","Proyecto Uno / Kinito Méndez","https://musicbrainz.org/recording/2b0a5d04-222a-4f1c-862e-ada1b950d409","candidate: review aliases, ensembles and exact recording before changing"
"36586a02-aa3e-40c8-8f72-a802da90b2f4","Yo me iré","Joe Veras","Alex Bueno","https://musicbrainz.org/recording/6b4e86ee-5629-4a3f-8cc5-0cc09cf0e0db","candidate: review aliases, ensembles and exact recording before changing"
"800af5c6-dc0e-4ef4-beae-638f253c64ac","Corazón cupable (2023 remastered)","Raulín Rodríguez","Antony Santos","https://musicbrainz.org/recording/de0bbb5f-bda4-443d-8660-9da8ba35040c","candidate: review aliases, ensembles and exact recording before changing"
"3e9c88a2-6474-4d95-8a9a-63ea61ba52f3","Guerra de amor","Joe Veras","Yoskar Sarante","https://musicbrainz.org/recording/4cbc964e-b9fc-42c4-bd9c-003b17f12387","candidate: review aliases, ensembles and exact recording before changing"
"28a82c81-6c7f-47bf-9d46-c8ddeb3039c9","Su mirada / Loco, loco","Los Toros Band","Eddy Herrera","https://musicbrainz.org/recording/3f1387ae-be0a-474d-8536-ef7390dff30e","candidate: review aliases, ensembles and exact recording before changing"
"4b203589-1164-43ef-8411-2cb67f8ccbc7","Perdóname","Joe Veras","Yoskar Sarante","https://musicbrainz.org/recording/faa619f9-f08b-4fff-b93a-769bd4b2768c","candidate: review aliases, ensembles and exact recording before changing"
"548a7846-fd2e-42a9-9245-8fff9a76e7c8","Ven llévame contigo","Tony Seval","Aramis Camilo","https://musicbrainz.org/recording/85f49998-6f95-4d3f-9fe5-38c8622e638b","candidate: review aliases, ensembles and exact recording before changing"
"6b8dad81-685c-4854-b87c-9fa9d35a0218","Quiero perderme contigo","Sergio Vargas","Alex Bueno","https://musicbrainz.org/recording/21090d0b-9f3d-48ea-943b-a242de1945c2","candidate: review aliases, ensembles and exact recording before changing"
"f2025707-c4c0-4b75-9411-f2684011cce8","Quiero llenarte toda","Sergio Vargas","Alex Bueno","https://musicbrainz.org/recording/39d0d0bd-b802-4941-bf08-49a8710caa0c","candidate: review aliases, ensembles and exact recording before changing"
"15e06d83-81fa-4009-9476-370b17a40e89","El amor acaba","Sergio Vargas","Alex Bueno","https://musicbrainz.org/recording/a4c65a95-07ed-4282-97e0-e703d5a4aa54","candidate: review aliases, ensembles and exact recording before changing"
"50f358b7-3326-4571-89ac-3b294b234b89","El tiburón","Ilegales","Proyecto Uno","https://musicbrainz.org/recording/fe3d52e2-705f-42ae-84ad-3662a80bf670","candidate: review aliases, ensembles and exact recording before changing"
"85b14c44-4a14-4b00-b085-cc592c673818","Culpable","Zacarías Ferreira","Raulin Rodriguez","https://musicbrainz.org/recording/bbae8dac-df2b-483a-9898-86f723331a76","candidate: review aliases, ensembles and exact recording before changing"
"53fb8830-17cc-4e72-8f50-c908e778cb4f","Si Supieras","Zacarías Ferreira","Raulin Rodriguez","https://musicbrainz.org/recording/7726161c-8661-4b29-81eb-f198dce31a4b","candidate: review aliases, ensembles and exact recording before changing"
"af2cb426-54a3-4004-a711-c9d12030dabe","Tu Eres Ajena","Zacarías Ferreira","Frank Reyes","https://musicbrainz.org/recording/c360fd76-42d5-4fb4-a768-46fa989cb3ef","candidate: review aliases, ensembles and exact recording before changing"
"f6be9f59-c1f0-4d59-9988-b63cd70779c0","Te Regalo el Mar","Zacarías Ferreira","Frank Reyes","https://musicbrainz.org/recording/01996e5a-2d4f-43bf-8375-47ebf984b3a6","candidate: review aliases, ensembles and exact recording before changing"
"a53ee73c-6f8a-4697-9887-19274705b84e","Brindo con agua","Henry Santos","Aventura","https://musicbrainz.org/recording/6579f934-77db-40da-b832-43c9b8865218","candidate: review aliases, ensembles and exact recording before changing"
"4ba3e221-7d44-408a-abd3-60c8949fbc00","Yo no tengo","Joe Veras","Alex Bueno","https://musicbrainz.org/recording/858fe91e-207f-4def-a0d3-9a3be3ede26b","candidate: review aliases, ensembles and exact recording before changing"
"af307513-5927-4a11-b482-fc375de4596f","Lo Que Paso en Mi Pueblo","Teodoro Reyes","Luis Vargas","https://musicbrainz.org/recording/195058a3-e99e-4253-8201-d6b695ecb667","candidate: review aliases, ensembles and exact recording before changing"
"8ec087d4-7728-4d80-bec6-7992e6ffec6c","El alicate","Tony Seval","Aramis Camilo","https://musicbrainz.org/recording/63a05d93-dfd6-4cf9-88d8-7fea4ef240dd","candidate: review aliases, ensembles and exact recording before changing"
"7a60dd1c-50a0-461b-896e-5a1c47d2fa7a","Hello","Tony Seval","Aramis Camilo","https://musicbrainz.org/recording/cb61be22-15a6-4e63-a7fd-70cfc2e103a6","candidate: review aliases, ensembles and exact recording before changing"
"e53bf5f1-6ce0-49f3-8629-c6fabc35c24f","La quiero a morir","Alex Bueno","Sergio Vargas","https://musicbrainz.org/recording/b62faad7-b6c9-4f55-b0a9-478cc49cac3e","candidate: review aliases, ensembles and exact recording before changing"
"cac05d72-36c3-4084-b9d2-b36944b2cfe8","Amor platónico","Ilegales","Proyecto Uno","https://musicbrainz.org/recording/8b6ab411-b964-4484-b7d3-60109faaff30","candidate: review aliases, ensembles and exact recording before changing"
"91a68504-7f66-45b1-ba1d-e6593e31b704","Esa Mujer","Teodoro Reyes","Luis Vargas","https://musicbrainz.org/recording/30ee8d8e-a356-4984-8aac-91ae675f24ff","candidate: review aliases, ensembles and exact recording before changing"
"76b24bc9-c223-408a-bc87-b198cb930c70","Fantasías","Monchy & Alexandra","Monchy","https://musicbrainz.org/recording/9020e731-be8b-4ec3-982d-a5dae905789a","candidate: review aliases, ensembles and exact recording before changing"
"4c1a7e49-19b6-464c-b53e-466c701a31fc","Ese hombre soy yo","Zacarías Ferreira","Alex Bueno","https://musicbrainz.org/recording/9b36260c-d7f4-44e7-9f9e-1a7e3e7a58bf","candidate: review aliases, ensembles and exact recording before changing"
"1c2d49e4-fbe1-4289-9a6d-fbd50dfc2b86","Castigo de amor","Frank Reyes","Luis Vargas","https://musicbrainz.org/recording/989416d0-39f2-4a55-a6ee-9e7da0571e84","candidate: review aliases, ensembles and exact recording before changing"
"b5e38b40-c74e-4432-8a4c-6de6133a10ec","Un poco de ti / Quiéreme","Zacarías Ferreira","Alex Bueno","https://musicbrainz.org/recording/bcf7c851-b13c-405b-b63e-7565349141f2","candidate: review aliases, ensembles and exact recording before changing"
"60ecdc99-d7c3-416e-949f-d8cff59df7da","Mojado por ti","Joe Veras","Alex Bueno","https://musicbrainz.org/recording/f67efd04-dd53-4586-a894-456b041004fe","candidate: review aliases, ensembles and exact recording before changing"
"dbed10e0-24bb-4fe2-926d-814d4f3dcaa9","No te irás","Alex Bueno","Sexappeal","https://musicbrainz.org/recording/5bd3ef49-1cd8-459d-87d5-e521a2014ea0","candidate: review aliases, ensembles and exact recording before changing"
"740cdb78-b3ab-4963-8bdc-f28a8a55e1bd","A escondidas","Joan Soriano","Griselda Soriano","https://musicbrainz.org/recording/54460324-3121-4d5d-9187-d51e9e368f89","candidate: review aliases, ensembles and exact recording before changing"
"3196a8cb-e271-4985-89a5-9c02c887947f","Te estoy queriendo (remix)","Sandy MC","Sandy / Proyecto Uno","https://musicbrainz.org/recording/bc85dce2-430b-41fa-b729-3fae3c3a64a5","candidate: review aliases, ensembles and exact recording before changing"
"7dc00741-7027-4c04-8ecb-69e4d493851b","Amor Desperdiciado","Zacarías Ferreira","Frank Reyes","https://musicbrainz.org/recording/9f348bfe-c62f-4559-bed2-7560c62a8057","candidate: review aliases, ensembles and exact recording before changing"
"042b216b-4155-4c1a-b9ed-d7abfec143ca","Dime","Ilegales","Proyecto Uno","https://musicbrainz.org/recording/87cfa55f-d6a2-4e68-b503-cc28698e05d1","candidate: review aliases, ensembles and exact recording before changing"
"a1a10bab-62d1-46bd-8e16-95ba6993be94","Esta pega'o","Ilegales","Proyecto Uno","https://musicbrainz.org/recording/e3b4c1ee-1822-4467-a952-753698ca8e87","candidate: review aliases, ensembles and exact recording before changing"
"8c047d87-3ef4-4ada-ab86-260273637205","El llorón","Kinito Méndez","Rokabanda","https://musicbrainz.org/recording/d3dbfa42-1d68-4649-9284-53ae8d32f6c5","candidate: review aliases, ensembles and exact recording before changing"
"043733f4-3ff6-45cd-beaf-9623132cfdaf","Volvió el dolor","Frank Reyes","Luis Vargas","https://musicbrainz.org/recording/c650d11a-81cf-4585-bf4c-210a3bf0850b","candidate: review aliases, ensembles and exact recording before changing"
"a880db96-9d39-4210-8ec1-fd050f230ed8","Quisiera olvidarte","Monchy & Alexandra","Alexandra","https://musicbrainz.org/recording/0ef73b46-0681-43de-9362-0c46884b4a1f","candidate: review aliases, ensembles and exact recording before changing"
"c2985d99-4bc4-4b32-a299-f1de7e048e7b","Tú mi cigarrillo","Tony Seval","Aramis Camilo","https://musicbrainz.org/recording/9e343724-24e7-4696-8482-4523cf76d0ac","candidate: review aliases, ensembles and exact recording before changing"
"88fa2345-f6ea-4d5c-bd75-f03b0a64b092","LLevate La Cama Pa' La Calle","Don Miguelo","Frank Reyes / Indhira Rubiera","https://musicbrainz.org/recording/be16f272-604c-45de-90cd-daca3ad52efa","candidate: review aliases, ensembles and exact recording before changing"
"cc845bf5-f383-4554-83a9-7b133876a144","Arrancarte de mi piel (Me olvidaste)","Monchy & Alexandra","Monchy","https://musicbrainz.org/recording/91bd4666-319a-4c3b-9c10-549f58af736c","candidate: review aliases, ensembles and exact recording before changing"
"7ede7c76-9839-4a6d-97f5-524245bdcd39","Mal o bien","Alex Bueno","Sexappeal","https://musicbrainz.org/recording/107b3734-057d-4e80-824a-df515defceaf","candidate: review aliases, ensembles and exact recording before changing"
"47f1d59e-5e92-4512-8a3d-c720f969ee65","La loba","Miriam Cruz","Miriam y las Chicas","https://musicbrainz.org/recording/6bb16ba1-c04a-4194-b53d-824b4a18cbba","candidate: review aliases, ensembles and exact recording before changing"
"310271e2-cd85-4695-ad30-90f1cfad9e66","Estoy queriéndola","Los Toros Band","Eddy Herrera","https://musicbrainz.org/recording/4d1c2be1-4e70-4e07-a9d6-e398f5b7eafa","candidate: review aliases, ensembles and exact recording before changing"
"d2303d7b-8ab4-40d4-84c0-aef2005e4f4f","Me encantó lo de anoche","José Peña Suazo y La Banda Gorda","Peña Suazo / La Banda Gorda / Wason Brazobán","https://musicbrainz.org/recording/fd974289-db0e-460f-8fb4-afd14b07b835","candidate: review aliases, ensembles and exact recording before changing"
"2d7f74b6-b0cc-414d-9fb7-faac89bcc4c3","Youlanda","Joan Soriano","Fernando / Griselda Soriano","https://musicbrainz.org/recording/041c5654-69ac-41e9-b92f-59d1e9f0f2ef","candidate: review aliases, ensembles and exact recording before changing"
"22249226-5811-4a27-a9fa-95bd4815c48c","Háblame de frente","Joan Soriano","Griselda Soriano","https://musicbrainz.org/recording/31852091-d0dc-4370-8dbb-f7beef27aca4","candidate: review aliases, ensembles and exact recording before changing"
"0636f4fa-1fde-4b87-9b4e-4a6098219e2b","Esto no lo venden","José Peña Suazo y La Banda Gorda","Peña Suazo / La Banda Gorda / Silvio Mora / Guarionex Castro","https://musicbrainz.org/recording/1b98ae1b-129c-4993-8d82-1932b6e1918e","candidate: review aliases, ensembles and exact recording before changing"
"06ff7215-40ff-4f74-812f-adf9f3499c49","Vieja del Bonche","Junior & Jorge","Luis Vargas","https://musicbrainz.org/recording/5604fe72-6a15-4e80-8be4-0874a9fb6850","candidate: review aliases, ensembles and exact recording before changing"
"5eea53a6-a7d4-4af8-92ce-71f48d8fcb08","Gotas de pena","Zacarías Ferreira","Alex Bueno","https://musicbrainz.org/recording/b47e1ada-43d4-4de2-9059-19d2627543ed","candidate: review aliases, ensembles and exact recording before changing"
"7b4bc08d-b6b2-4ffe-aa8e-bd68154b939a","Si vinieras / Si vinieras hoy","Zacarías Ferreira","Alex Bueno","https://musicbrainz.org/recording/2332f546-f562-4918-b7b0-9ae2ab205508","candidate: review aliases, ensembles and exact recording before changing"
"0d60f72e-a626-47b7-b8ac-2d27d9792d77","Triste final","Alex Bueno","Sexappeal","https://musicbrainz.org/recording/5e005add-e58c-4879-ad9a-ada737224a4d","candidate: review aliases, ensembles and exact recording before changing"
"e390a4e0-fa35-4fe3-bcdc-5b2b08d8bb17","Merengue con letra","Ilegales","Proyecto Uno","https://musicbrainz.org/recording/fffe9c42-1835-442a-8816-a6f33cdb6e22","candidate: review aliases, ensembles and exact recording before changing"
"db2badbb-4d37-4a92-b3d1-c9f57eefcda5","No tengo suerte en el amor","Joe Veras","Yoskar Sarante","https://musicbrainz.org/recording/f6d695c2-62b8-456b-b091-4f22a040f6ea","candidate: review aliases, ensembles and exact recording before changing"
"0e4ba6ea-375b-4343-a14b-8535a8873e5d","Veneno","Frank Reyes","Luis Vargas","https://musicbrainz.org/recording/55c6b025-b529-40a8-b128-96d7c59f219f","candidate: review aliases, ensembles and exact recording before changing"
"0f00ad33-60d6-4705-8688-de972556687c","Shake it down","Alina Vargas","Wilfrido Vargas / Alinna Vargas","https://musicbrainz.org/recording/d66affbd-cda8-40f0-8e9b-091e41e739aa","candidate: review aliases, ensembles and exact recording before changing"
"ba33ce97-80ed-4d67-ba62-1480fcba28e0","Tus cartas llegan","Joan Soriano","Fernando Soriano","https://musicbrainz.org/recording/9b4a324d-81ab-497d-b157-7457ca7571eb","candidate: review aliases, ensembles and exact recording before changing"
"0080c981-9930-49ca-bfe0-fb5ab7c00085","El SIDA","Joan Soriano","Fernando Soriano","https://musicbrainz.org/recording/39e83176-61cd-46d1-80e6-35ea70554e3b","candidate: review aliases, ensembles and exact recording before changing"
"e63a471f-1cc4-4b07-beff-219c8b3b19d2","Si ti no soy nada","Sergio Vargas","Alex Bueno","https://musicbrainz.org/recording/71f97245-41f1-4632-b8e4-a435717e0bd1","candidate: review aliases, ensembles and exact recording before changing"
"67f225a8-8bc7-4135-8c4a-43d5daf683b8","Corazón culpable","Raulín Rodríguez","Antony Santos","https://musicbrainz.org/recording/3bc92994-24d5-4f1a-a8c6-d55c69132462","candidate: review aliases, ensembles and exact recording before changing"
"23f2a154-f456-4cf9-9bf6-ac5a3f7d166e","Con los Crespos Hechos","Teodoro Reyes","Luis Vargas","https://musicbrainz.org/recording/5764c6fc-6eae-4a77-8abc-cf996c66521e","candidate: review aliases, ensembles and exact recording before changing"
"77fa980a-5a5d-4bd4-8f8f-59bc51eae5bb","Mujer Sin Alma","Teodoro Reyes","Luis Vargas","https://musicbrainz.org/recording/54e73c03-730f-4e17-9a63-78b3d648e3b8","candidate: review aliases, ensembles and exact recording before changing"
"57777696-d551-4eec-ab99-e08aafef257f","Se levanta Nueva York","Alina Vargas","Wilfrido Vargas / Alinna Vargas","https://musicbrainz.org/recording/58575425-c254-4536-8106-23174ff58148","candidate: review aliases, ensembles and exact recording before changing"
"55a81134-ab24-4472-91fc-4c4653d28c37","Que se mueran los feos","Alina Vargas","Wilfrido Vargas / Alinna Vargas","https://musicbrainz.org/recording/d9fe5e99-4c50-468a-a1a4-71c262e8ee46","candidate: review aliases, ensembles and exact recording before changing"
"e1dcb507-edb7-415c-a147-9d8df42d9675","Me fascina","Alina Vargas","Wilfrido Vargas / Alinna Vargas","https://musicbrainz.org/recording/557b4a8d-7e43-43fa-8ef8-321486de067f","candidate: review aliases, ensembles and exact recording before changing"
"2c71d18e-6589-462b-924e-db1724606540","Seguiré buscándola","Los Toros Band","Eddy Herrera","https://musicbrainz.org/recording/72b0ec7a-4b47-4798-9c50-7c76d7c43760","candidate: review aliases, ensembles and exact recording before changing"
"0d78ac5a-0293-4e8c-8674-616e2a8bbf6b","Te confieso","Los Toros Band","Eddy Herrera","https://musicbrainz.org/recording/fef6fa2d-5b85-4a73-b100-6a6b543f01a2","candidate: review aliases, ensembles and exact recording before changing"
"446e6483-8ec2-42c8-b6b6-b5959e243702","La quise mucho","Los Toros Band","Eddy Herrera","https://musicbrainz.org/recording/07880592-5372-4a7d-be46-b99ef8a72699","candidate: review aliases, ensembles and exact recording before changing"
"33f0c9bd-1a75-4feb-9294-d36b98809317","Si No Te Tengo","Zacarías Ferreira","Raulin Rodriguez","https://musicbrainz.org/recording/056ff61e-a331-4607-b7d3-52303a624521","candidate: review aliases, ensembles and exact recording before changing"
"90750dd1-79dc-4807-b805-de0ceaaa793e","Estoy Atrapado (Grunjeo)","Grunjeo","Korven Brox","https://musicbrainz.org/recording/951b4bf7-ffe5-4062-b788-23db3c30de92","candidate: review aliases, ensembles and exact recording before changing"
"784bd894-8db8-4ce2-8ac8-8b979e7ade65","El Envidioso","Teodoro Reyes","Luis Vargas","https://musicbrainz.org/recording/a1a2e992-ac30-4b8c-9c82-8fb6ac13bb54","candidate: review aliases, ensembles and exact recording before changing"
"8f40a15c-d665-48a9-a049-46adc996c9f1","Voy pa’llá","Raulín Rodríguez","Antony Santos","https://musicbrainz.org/recording/877b46c8-bbb7-4290-be3b-6cf2e8cd9413","candidate: review aliases, ensembles and exact recording before changing"
"6c6e28c7-37dd-4197-b318-2c7269259232","Tanto que tú diche","Kinito Méndez","Rokabanda","https://musicbrainz.org/recording/09510ccc-d4d2-47d8-bf07-89d863f2a02d","candidate: review aliases, ensembles and exact recording before changing"
"fa13a67f-6971-4a3a-a272-66fe68ea798d","Porqué tanto problema (2023 remastered)","Raulín Rodríguez","Antony Santos","https://musicbrainz.org/recording/b75fd31d-e169-4d27-9857-6324760defae","candidate: review aliases, ensembles and exact recording before changing"
"ad289358-585a-4522-a495-6329bf76bcab","Me enamoré (2023 remastered)","Raulín Rodríguez","Antony Santos","https://musicbrainz.org/recording/75bf5810-13e1-46ca-88c1-5feaa3b26178","candidate: review aliases, ensembles and exact recording before changing"
"0a198da6-c61e-4cb1-b65a-c895f3740ea0","Los hombres maduros","Kinito Méndez","Rokabanda","https://musicbrainz.org/recording/4b06c2c2-1779-4d47-87dc-912edb828497","candidate: review aliases, ensembles and exact recording before changing"
"2b3f3d75-fa9b-4036-88ef-032700348d13","Quiero perderme contigo","Sergio Vargas","Alex Bueno","https://musicbrainz.org/recording/8006fecf-23cb-4d58-af20-5ee22cc8176e","candidate: review aliases, ensembles and exact recording before changing"
"0aa41f86-96f3-48f3-9749-c96fa6012209","El Pichirri","Ito Ogamy","Yomel el Meloso / Kiko el Crazy / El Cherry Scom / Ito Gamy","https://musicbrainz.org/recording/63438d02-fdc9-436f-889b-0a32e4c143bb","candidate: review aliases, ensembles and exact recording before changing"
"456098cf-a906-490f-8742-d47f11b9fcf7","Porque tanto problema","Raulín Rodríguez","Antony Santos","https://musicbrainz.org/recording/8366495d-ca84-4d05-a217-51814ec2227f","candidate: review aliases, ensembles and exact recording before changing"
"6b4cb2a1-86c5-4d6c-b7ed-3ce57454eb70","Me enamoré","Los Toros Band","Eddy Herrera","https://musicbrainz.org/recording/adb9c18f-3af4-4aa8-acfd-d4bb43d509d8","candidate: review aliases, ensembles and exact recording before changing"
"9cf7d118-3be2-47f6-96c9-7c177d96b55e","Porque te fuiste","Raulín Rodríguez","Antony Santos","https://musicbrainz.org/recording/b5c6d77b-b748-470c-aad9-4a3fd0836d6f","candidate: review aliases, ensembles and exact recording before changing"
"19da8d94-8dc4-4804-90ad-31d2ea2b5c70","Es Mejor","Zacarías Ferreira","Raulin Rodriguez","https://musicbrainz.org/recording/d1f85af8-0247-4938-874b-7e91c3e5ff9b","candidate: review aliases, ensembles and exact recording before changing"
"d3dd93e5-e1b0-48f0-b962-26071e6072cf","Princesa","Zacarías Ferreira","Frank Reyes","https://musicbrainz.org/recording/506058fd-90bd-4525-a390-cdd396a8f7f2","candidate: review aliases, ensembles and exact recording before changing"
"25289613-1cf7-4ae0-ad9d-b5d90e08b5db","Pégame tu vicio","Los Toros Band","Eddy Herrera","https://musicbrainz.org/recording/ed06e6b7-85a1-4b17-a2f2-9c08b6a6b697","candidate: review aliases, ensembles and exact recording before changing"
"adcd6c16-98ec-41ca-8949-2b732dc6e660","Espumas","Los Toros Band","Eddy Herrera","https://musicbrainz.org/recording/1dc03ab4-28a0-4980-abb7-1cd3b2048a24","candidate: review aliases, ensembles and exact recording before changing"
"a609e15c-9154-4431-a9f2-abafa94e1c56","Demasiado niña","Los Toros Band","Eddy Herrera","https://musicbrainz.org/recording/1869b80c-77ba-4a3d-95a4-f5ab666c4217","candidate: review aliases, ensembles and exact recording before changing"
"ce87f690-e38f-4698-88f8-35a2fd31035c","Hazme tu esposa","Monchy & Alexandra","Alexandra","https://musicbrainz.org/recording/2ba88eeb-97f6-4f41-81e9-9e61abdc3186","candidate: review aliases, ensembles and exact recording before changing"
"d41792bc-5aca-4a69-b116-937b3b7ec375","La distancia","Frank Reyes","Luis Vargas","https://musicbrainz.org/recording/80a506bc-d2e6-4797-a503-bd9547fac3d4","candidate: review aliases, ensembles and exact recording before changing"
"95b7101d-4225-491b-81e4-9e7bae88c71e","Perdido","Joe Veras","Yoskar Sarante","https://musicbrainz.org/recording/1f7c3c16-134d-4696-b9d1-b29701cb911b","candidate: review aliases, ensembles and exact recording before changing"
"57bac019-4908-45a3-8397-12e40f28f74f","Veneno","Joan Soriano","André Velóz","https://musicbrainz.org/recording/116df802-5eff-4971-965e-ecee06f36ed4","candidate: review aliases, ensembles and exact recording before changing"
"24fc3e66-c2fa-4fb5-b8fd-302218f44dd3","Paso a paso","Zacarías Ferreira","Alex Bueno","https://musicbrainz.org/recording/71642282-73fc-4728-883f-02ca948ac683","candidate: review aliases, ensembles and exact recording before changing"
"2d44698c-fe22-40ff-b4b6-c5b12323f562","Tarde Te Arrepientes","Junior & Jorge","Luis Vargas","https://musicbrainz.org/recording/cb183e09-ed0e-4fff-96ce-16355546aa10","candidate: review aliases, ensembles and exact recording before changing"
"829b1b8d-46de-4668-a36e-dd7f09272ba7","Baby, olvídame","Monchy & Alexandra","Alexandra","https://musicbrainz.org/recording/f508640e-2f8d-47f0-800c-f08d150e86f5","candidate: review aliases, ensembles and exact recording before changing"
"8946d5f9-cdb7-4286-a82e-ad7cd27bd94a","Valor de Hombre","Teodoro Reyes","Luis Vargas","https://musicbrainz.org/recording/dc268746-e48f-48ca-b9f4-7e0d1e62b8ca","candidate: review aliases, ensembles and exact recording before changing"
"b3d9f994-3416-4b1a-89b9-cef4548d620e","Tú eres ajena","Raulín Rodríguez","Frank Reyes","https://musicbrainz.org/recording/6b5af90a-dc83-4823-919c-9eec36271679","candidate: review aliases, ensembles and exact recording before changing"
"be980fac-f31a-4e56-bfbb-0c92b1cbfe55","Niña de Pelo Negro","Junior & Jorge","Luis Vargas","https://musicbrainz.org/recording/5dcde821-0ce7-4688-9f96-232131dc0f80","candidate: review aliases, ensembles and exact recording before changing"
"620cc4b9-4c35-4f47-a246-bb0c64ac7d43","Mujeres","Los Toros Band","Eddy Herrera","https://musicbrainz.org/recording/90fb46de-a384-4253-9980-5ec6b4b8f655","candidate: review aliases, ensembles and exact recording before changing"
"d8120b6d-5029-49d9-8201-60968f1b73a1","No aguanto más","Los Toros Band","Eddy Herrera","https://musicbrainz.org/recording/4c5552f0-d232-4962-ae30-0624ec806e54","candidate: review aliases, ensembles and exact recording before changing"
"a717a7cd-e39b-4a19-aa67-4c943bd7d378","Me enamoré","Raulín Rodríguez","Antony Santos","https://musicbrainz.org/recording/ee70a834-5dd6-4a25-b306-62e614283d13","candidate: review aliases, ensembles and exact recording before changing"
"f29abbd2-8d90-4128-986b-c7edee75fbff","Tómalo tú","Miriam Cruz","Miriam y las Chicas","https://musicbrainz.org/recording/9dc5f18c-97c8-457f-a13a-54427b2554a1","candidate: review aliases, ensembles and exact recording before changing"
"c5d108a8-8f07-4925-b7df-0eb15d0e8d1e","No te detengas","Joe Veras","Yoskar Sarante","https://musicbrainz.org/recording/89a4ae88-ebf8-44bb-a99f-3fd9646c9c99","candidate: review aliases, ensembles and exact recording before changing"
"f92c5e8c-ea5e-4552-9928-dae1793b036a","Muriendo en la soledad","Raulín Rodríguez","Frank Reyes","https://musicbrainz.org/recording/0583e99b-638a-43cc-b171-68bd428ebc60","candidate: review aliases, ensembles and exact recording before changing"
"fc71e434-0797-4235-bbf1-b12ab00405a1","Me siento tan sola","Miriam Cruz","Miriam y las Chicas","https://musicbrainz.org/recording/bacf33a2-7ec8-4275-9922-370e0f52e5bb","candidate: review aliases, ensembles and exact recording before changing"
"b2036cbc-2dee-43a7-ae9b-e267e19275e2","La Cosquillita","Junior & Jorge","Luis Vargas","https://musicbrainz.org/recording/7506e871-f797-4684-ad42-3dd6959f9302","candidate: review aliases, ensembles and exact recording before changing"
"e55101ae-35d8-47e4-9a0e-27071d6be52f","Another Night","Ilegales","Proyecto Uno","https://musicbrainz.org/recording/a24dce19-4153-4ce5-9f66-f3d10e687b35","candidate: review aliases, ensembles and exact recording before changing"
"6e2c1583-9f5d-4384-89ac-c802509a6e7c","El candado del amor","Tony Seval","Aramis Camilo","https://musicbrainz.org/recording/ca3d6642-2d95-4031-baed-aa9fc87aa516","candidate: review aliases, ensembles and exact recording before changing"
"f87bb494-604e-4276-81d4-1b340f8d80ff","Porque te fuiste (2023 remastered)","Raulín Rodríguez","Antony Santos","https://musicbrainz.org/recording/66a3a543-9eb7-40ef-bb65-ac1626884199","candidate: review aliases, ensembles and exact recording before changing"
"219d08ba-2283-494c-a932-874761add029","Que Hago","Junior & Jorge","Luis Vargas","https://musicbrainz.org/recording/63e9a079-90ef-4a01-9b73-f79e489dd467","candidate: review aliases, ensembles and exact recording before changing"
"65471d18-a015-417b-a2bb-3a4e8c4f4577","La condena","Kinito Méndez","Rokabanda","https://musicbrainz.org/recording/52839067-df37-47be-9013-534ca7af930f","candidate: review aliases, ensembles and exact recording before changing"
"a27f06da-67fe-41be-856c-989339795600","Voy a llenarte toda","Sergio Vargas","Alex Bueno","https://musicbrainz.org/recording/a699847a-ee20-4de4-a4f5-838d1b069451","candidate: review aliases, ensembles and exact recording before changing"
"2bca4277-562b-4058-a28e-96208d294b6e","Voy pa’llá (2023 remastered)","Raulín Rodríguez","Antony Santos","https://musicbrainz.org/recording/b96cb1fe-18cd-47ff-9b43-accb06e2fff9","candidate: review aliases, ensembles and exact recording before changing"
"841c60f3-a3f6-4cab-b7ee-af027ef3e658","De punta a punta aka Una mujer como tú","Raulín Rodríguez","Frank Reyes","https://musicbrainz.org/recording/18248866-4808-49df-8859-f0474e88a8bb","candidate: review aliases, ensembles and exact recording before changing"
"308f9546-91a6-49f9-9e44-00acc9f65fc8","Puedo","Miriam Cruz","Miriam y las Chicas","https://musicbrainz.org/recording/42058be4-31a9-4728-b6ec-7b70c46ffc1a","candidate: review aliases, ensembles and exact recording before changing"
"778f357d-f5f8-41d7-851d-0e7751624602","Te tengo que dejar","Raulín Rodríguez","Frank Reyes","https://musicbrainz.org/recording/c20db835-b9b3-4f6e-bd0e-8ab24d09d154","candidate: review aliases, ensembles and exact recording before changing"
"b5278ea4-86ce-494f-97b6-2a7c307f5a3d","Ay ombe","Alina Vargas","Wilfrido Vargas / Alinna Vargas","https://musicbrainz.org/recording/cb3bb512-64be-4f13-ba76-703505a2a390","candidate: review aliases, ensembles and exact recording before changing"
"3ff0af39-084a-4d8e-9e4f-6ce399008f8b","Brinca","Ilegales","Proyecto Uno","https://musicbrainz.org/recording/370c5a8f-ea1c-4a18-ad43-77e96e7778ef","candidate: review aliases, ensembles and exact recording before changing"
"2fa09f0d-9032-4847-bf0b-b5f82f59db8e","Te amaría (trance)","Monchy & Alexandra","Alexandra","https://musicbrainz.org/recording/208f4075-e0cb-411f-9558-344fef9cb37c","candidate: review aliases, ensembles and exact recording before changing"
"680124c8-6233-47e7-9476-5cefdcc0f9d8","Si muero de anhelo","Miriam Cruz","Miriam y las Chicas","https://musicbrainz.org/recording/4104f0d5-2a93-435e-a01b-3eba5c86ea74","candidate: review aliases, ensembles and exact recording before changing"
"0c37fd4f-f4cb-42f5-857b-ebef2245758b","Inocente","Frank Reyes","Luis Vargas","https://musicbrainz.org/recording/516f8729-7c8f-42e9-9deb-f7cbe356eba9","candidate: review aliases, ensembles and exact recording before changing"
"02990a6a-ccdd-4d43-be40-73610630bb15","Sin ti no hay nada","Sergio Vargas","Alex Bueno","https://musicbrainz.org/recording/95cf4a17-05aa-48ac-83f0-3a594afcf086","candidate: review aliases, ensembles and exact recording before changing"
"3d1c54e7-b045-4105-9342-8748938200ca","En bandolera","Sergio Vargas","Alex Bueno","https://musicbrainz.org/recording/12946327-39ad-4551-b751-c7b57a236846","candidate: review aliases, ensembles and exact recording before changing"
"ecab4be4-6519-43b9-8a90-1652fd3c6350","Mami Mami","Junior & Jorge","Luis Vargas","https://musicbrainz.org/recording/0084250e-63a9-4c46-981d-4be33d2397f8","candidate: review aliases, ensembles and exact recording before changing"
"fc590e0c-2364-4eda-931d-b2221401d5df","Rosa Prohibida","Junior & Jorge","Luis Vargas","https://musicbrainz.org/recording/cb8f5d69-7f9a-4ac9-8014-4abd1789d2d9","candidate: review aliases, ensembles and exact recording before changing"
"2140aff9-fc6c-449a-abb7-9dea805a3a5e","Otra vez","Miriam Cruz","Miriam y las Chicas","https://musicbrainz.org/recording/e2d92b35-43ff-4ace-ad52-73b69237093b","candidate: review aliases, ensembles and exact recording before changing"
"23d1acfd-d6f8-4a78-b224-f27c2e8a8c3f","Tengo pero me faltas tú","Zacarías Ferreira","Alex Bueno","https://musicbrainz.org/recording/e2357049-7e9c-46be-8fd8-74cf67db20e4","candidate: review aliases, ensembles and exact recording before changing"
"7b41f552-1c5a-4104-9cdc-45e406aa9f0d","Josefa","Raulín Rodríguez","Frank Reyes","https://musicbrainz.org/recording/55aeb93e-9ea1-4f69-be3e-b9c6e296e7cd","candidate: review aliases, ensembles and exact recording before changing"
"001d17f2-3e53-45ce-973e-6c770908b022","Lo que yo siento por ti","Zacarías Ferreira","Alex Bueno","https://musicbrainz.org/recording/bc20dcd4-1fbc-40fd-8ddf-6fc2b1e73568","candidate: review aliases, ensembles and exact recording before changing"
"063d5af7-ec76-426a-bad6-d461fd761ac9","El día de mi boda","Alina Vargas","Wilfrido Vargas / Alinna Vargas","https://musicbrainz.org/recording/f0365f3b-eb21-4ff8-ab10-da131ade9b56","candidate: review aliases, ensembles and exact recording before changing"
"991cd549-e973-49cf-9b92-bef9b13090c3","Y te busqué","Los Toros Band","Eddy Herrera","https://musicbrainz.org/recording/46bca381-5b59-4343-84b7-fa53a086f337","candidate: review aliases, ensembles and exact recording before changing"